formulary_id,contract_year,tier_level_value,rows_count,distinct_rxcui,pct_of_formulary
00025000,2025,1,267,267,7.283142389525368
00025000,2025,2,650,650,17.73049645390071
00025000,2025,3,984,984,26.841243862520457
00025000,2025,4,1069,1069,29.159847244953628
00025000,2025,5,696,696,18.985270049099835
00025001,2025,1,54,54,1.7664376840039253
00025001,2025,2,449,449,14.68760222440301
00025001,2025,3,816,816,26.692836113837096
00025001,2025,4,1088,1088,35.590448151782795
00025001,2025,5,650,650,21.262675825973176
00025002,2025,1,456,456,12.428454619787408
00025002,2025,2,528,528,14.390842191332789
00025002,2025,3,897,897,24.448078495502862
00025002,2025,4,988,988,26.928318342872718
00025002,2025,5,800,800,21.804306350504223
00025003,2025,1,506,506,13.791223766693921
00025003,2025,2,486,486,13.246116107931316
00025003,2025,3,889,889,24.23003543199782
00025003,2025,4,988,988,26.928318342872718
00025003,2025,5,800,800,21.804306350504223
00025006,2025,1,2384,2384,66.81614349775785
00025006,2025,2,1184,1184,33.18385650224215
00025014,2025,1,4452,4452,100.0
00025015,2025,1,362,362,9.385532797511019
00025015,2025,2,1144,1144,29.6603577910293
00025015,2025,3,1196,1196,31.00855587243972
00025015,2025,4,355,355,9.20404459424423
00025015,2025,5,800,800,20.74150894477573
00025016,2025,1,2534,2534,56.918238993710695
00025016,2025,2,1918,1918,43.081761006289305
00025019,2025,1,362,362,9.380668566986266
00025019,2025,2,1918,1918,49.70199533557916
00025019,2025,3,507,507,13.138118683596787
00025019,2025,4,283,283,7.333506089660534
00025019,2025,5,789,789,20.44571132417725
00025020,2025,1,547,547,12.286612758310872
00025020,2025,2,1886,1886,42.36298292902067
00025020,2025,3,276,276,6.199460916442049
00025020,2025,4,741,741,16.644204851752022
00025020,2025,5,1002,1002,22.506738544474395
00025022,2025,1,527,527,12.900856793145655
00025022,2025,2,1283,1283,31.407588739290087
00025022,2025,3,605,605,14.810281517747859
00025022,2025,4,647,647,15.83843329253366
00025022,2025,5,1023,1023,25.04283965728274
00025023,2025,1,302,302,8.814944541739639
00025023,2025,2,1029,1029,30.035026269702275
00025023,2025,3,607,607,17.717454757734966
00025023,2025,4,607,607,17.717454757734966
00025023,2025,5,881,881,25.71511967308815
00025025,2025,1,326,326,9.523809523809524
00025025,2025,2,1191,1191,34.79404031551271
00025025,2025,3,542,542,15.834063686824424
00025025,2025,4,511,511,14.928425357873211
00025025,2025,5,853,853,24.919661115980134
00025029,2025,1,3416,3416,100.0
00025030,2025,1,3416,3416,100.0
00025031,2025,1,3416,3416,100.0
00025032,2025,1,3416,3416,100.0
00025033,2025,1,3416,3416,100.0
00025034,2025,1,3416,3416,100.0
00025035,2025,1,3411,3411,100.0
00025036,2025,1,3416,3416,100.0
00025037,2025,1,575,575,16.705403834979663
00025037,2025,2,839,839,24.375363160952933
00025037,2025,3,205,205,5.955839628123184
00025037,2025,4,1178,1178,34.22428820453225
00025037,2025,5,645,645,18.73910517141197
00025038,2025,1,3416,3416,100.0
00025039,2025,1,1496,1496,43.78109452736319
00025039,2025,2,895,895,26.192566578870355
00025039,2025,3,334,334,9.77465613110916
00025039,2025,4,128,128,3.745976002341235
00025039,2025,5,564,564,16.505706760316066
00025040,2025,1,3411,3411,100.0
00025041,2025,1,1496,1496,43.78109452736319
00025041,2025,2,895,895,26.192566578870355
00025041,2025,3,334,334,9.77465613110916
00025041,2025,4,128,128,3.745976002341235
00025041,2025,5,564,564,16.505706760316066
00025042,2025,1,1491,1491,43.63476733977173
00025042,2025,2,895,895,26.192566578870355
00025042,2025,3,339,339,9.920983318700614
00025042,2025,4,128,128,3.745976002341235
00025042,2025,5,564,564,16.505706760316066
00025043,2025,1,1491,1491,43.63476733977173
00025043,2025,2,895,895,26.192566578870355
00025043,2025,3,339,339,9.920983318700614
00025043,2025,4,128,128,3.745976002341235
00025043,2025,5,564,564,16.505706760316066
00025044,2025,1,1491,1491,43.63476733977173
00025044,2025,2,895,895,26.192566578870355
00025044,2025,3,339,339,9.920983318700614
00025044,2025,4,128,128,3.745976002341235
00025044,2025,5,564,564,16.505706760316066
00025045,2025,1,2167,2167,63.62301820317087
00025045,2025,2,1239,1239,36.37698179682913
00025046,2025,1,1491,1491,43.63476733977173
00025046,2025,2,895,895,26.192566578870355
00025046,2025,3,339,339,9.920983318700614
00025046,2025,4,128,128,3.745976002341235
00025046,2025,5,564,564,16.505706760316066
00025047,2025,1,2167,2167,63.62301820317087
00025047,2025,2,1239,1239,36.37698179682913
00025048,2025,1,1491,1491,43.63476733977173
00025048,2025,2,895,895,26.192566578870355
00025048,2025,3,339,339,9.920983318700614
00025048,2025,4,128,128,3.745976002341235
00025048,2025,5,564,564,16.505706760316066
00025049,2025,1,214,214,5.977653631284916
00025049,2025,2,693,693,19.35754189944134
00025049,2025,3,560,560,15.64245810055866
00025049,2025,4,1048,1048,29.273743016759777
00025049,2025,5,721,721,20.139664804469273
00025049,2025,6,344,344,9.608938547486034
00025050,2025,1,2167,2167,63.62301820317087
00025050,2025,2,1239,1239,36.37698179682913
00025051,2025,1,1300,1300,38.03393797542422
00025051,2025,2,853,853,24.956114686951434
00025051,2025,3,334,334,9.771796372147454
00025051,2025,4,128,128,3.7448800468110006
00025051,2025,5,564,564,16.500877706260972
00025051,2025,6,239,239,6.992393212404915
00025052,2025,1,504,504,14.153327716933445
00025052,2025,2,1146,1146,32.18197135636057
00025052,2025,3,383,383,10.755405784891884
00025052,2025,4,802,802,22.521763549564728
00025052,2025,5,726,726,20.387531592249367
00025053,2025,1,1489,1489,44.053254437869825
00025053,2025,2,865,865,25.59171597633136
00025053,2025,3,339,339,10.029585798816568
00025053,2025,4,124,124,3.668639053254438
00025053,2025,5,563,563,16.65680473372781
00025054,2025,1,2167,2167,63.62301820317087
00025054,2025,2,1239,1239,36.37698179682913
00025055,2025,1,3380,3380,100.0
00025056,2025,1,2167,2167,63.62301820317087
00025056,2025,2,1239,1239,36.37698179682913
00025059,2025,1,124,124,4.089709762532982
00025059,2025,2,430,430,14.182058047493404
00025059,2025,3,652,652,21.503957783641162
00025059,2025,4,1105,1105,36.44459102902375
00025059,2025,5,721,721,23.779683377308707
00025061,2025,1,356,356,10.713210953957267
00025061,2025,2,634,634,19.07914535058682
00025061,2025,3,333,333,10.021065302437556
00025061,2025,4,1281,1281,38.54950346072826
00025061,2025,5,719,719,21.637074932290098
00025063,2025,1,338,338,10.174593618302227
00025063,2025,2,686,686,20.650210716435883
00025063,2025,3,295,295,8.880192655027091
00025063,2025,4,1369,1369,41.210114388922335
00025063,2025,5,634,634,19.084888621312462
00025064,2025,1,59,59,1.8098159509202454
00025064,2025,2,1445,1445,44.32515337423313
00025064,2025,3,274,274,8.404907975460123
00025064,2025,4,411,411,12.607361963190185
00025064,2025,5,711,711,21.809815950920246
00025064,2025,6,360,360,11.042944785276074
00025066,2025,1,219,219,6.515917881582863
00025066,2025,2,736,736,21.89824457006843
00025066,2025,3,279,279,8.30110086283844
00025066,2025,4,1122,1122,33.38292174947932
00025066,2025,5,756,756,22.493305563820293
00025066,2025,6,249,249,7.408509372210651
00025070,2025,1,200,200,6.550933508024894
00025070,2025,2,522,522,17.09793645594497
00025070,2025,3,712,712,23.32132328856862
00025070,2025,4,918,918,30.068784801834262
00025070,2025,5,701,701,22.96102194562725
00025071,2025,1,161,161,5.415405314497141
00025071,2025,2,967,967,32.52606794483687
00025071,2025,3,254,254,8.543558694920955
00025071,2025,4,1103,1103,37.10057181298352
00025071,2025,5,488,488,16.414396232761522
00025072,2025,1,320,320,9.090909090909092
00025072,2025,2,638,638,18.125
00025072,2025,3,912,912,25.90909090909091
00025072,2025,4,844,844,23.977272727272727
00025072,2025,5,806,806,22.897727272727273
00025074,2025,1,308,308,9.439166411277965
00025074,2025,2,1018,1018,31.198283787925224
00025074,2025,3,236,236,7.232608029420779
00025074,2025,4,1202,1202,36.837266319338035
00025074,2025,5,499,499,15.292675452038003
00025076,2025,1,344,344,10.228962236098722
00025076,2025,2,1308,1308,38.89384478144514
00025076,2025,3,243,243,7.225691347011597
00025076,2025,4,462,462,13.737734165923284
00025076,2025,5,757,757,22.509663990484686
00025076,2025,6,249,249,7.404103479036574
00025078,2025,1,246,246,6.8409343715239155
00025078,2025,2,699,699,19.43826473859844
00025078,2025,3,846,846,23.526140155728587
00025078,2025,4,797,797,22.163515016685206
00025078,2025,5,809,809,22.4972191323693
00025078,2025,6,199,199,5.53392658509455
00025079,2025,1,1352,1352,40.57623049219688
00025079,2025,2,577,577,17.31692677070828
00025079,2025,3,601,601,18.03721488595438
00025079,2025,4,765,765,22.959183673469386
00025079,2025,5,37,37,1.1104441776710685
00025080,2025,1,591,591,17.58405236536745
00025080,2025,2,1305,1305,38.827729842308834
00025080,2025,3,210,210,6.248140434394525
00025080,2025,4,465,465,13.835168104730736
00025080,2025,5,757,757,22.523058613507885
00025080,2025,6,33,33,0.9818506396905683
00025081,2025,1,246,246,6.8409343715239155
00025081,2025,2,699,699,19.43826473859844
00025081,2025,3,846,846,23.526140155728587
00025081,2025,4,797,797,22.163515016685206
00025081,2025,5,809,809,22.4972191323693
00025081,2025,6,199,199,5.53392658509455
00025083,2025,1,307,307,8.563458856345886
00025083,2025,2,895,895,24.96513249651325
00025083,2025,3,788,788,21.98047419804742
00025083,2025,4,555,555,15.481171548117155
00025083,2025,5,842,842,23.486750348675034
00025083,2025,6,198,198,5.523012552301255
00025084,2025,1,344,344,10.235049092531984
00025084,2025,2,1303,1303,38.76822374293365
00025084,2025,3,243,243,7.229991074085094
00025084,2025,4,465,465,13.835168104730736
00025084,2025,5,757,757,22.523058613507885
00025084,2025,6,249,249,7.408509372210651
00025086,2025,1,3585,3585,100.0
00025087,2025,1,1353,1353,40.6062424969988
00025087,2025,2,613,613,18.39735894357743
00025087,2025,3,601,601,18.03721488595438
00025087,2025,4,765,765,22.959183673469386
00025089,2025,1,474,474,14.482126489459212
00025089,2025,2,1119,1119,34.188817598533454
00025089,2025,3,664,664,20.28719828903147
00025089,2025,4,302,302,9.227008860372747
00025089,2025,5,649,649,19.828903146959977
00025089,2025,6,65,65,1.9859456156431408
00025091,2025,1,1353,1353,40.6062424969988
00025091,2025,2,613,613,18.39735894357743
00025091,2025,3,601,601,18.03721488595438
00025091,2025,4,765,765,22.959183673469386
00025093,2025,1,270,270,8.19423368740516
00025093,2025,2,543,543,16.479514415781487
00025093,2025,3,750,750,22.76176024279211
00025093,2025,4,981,981,29.77238239757208
00025093,2025,5,751,751,22.792109256449166
00025095,2025,1,3380,3380,100.0
00025096,2025,1,486,486,13.224489795918368
00025096,2025,2,903,903,24.571428571428573
00025096,2025,3,433,433,11.782312925170068
00025096,2025,4,1072,1072,29.170068027210885
00025096,2025,5,781,781,21.25170068027211
00025098,2025,1,3309,3309,100.0
00025100,2025,1,405,405,12.060750446694462
00025100,2025,2,476,476,14.175104228707564
00025100,2025,3,764,764,22.751637879690293
00025100,2025,4,957,957,28.499106611078023
00025100,2025,5,756,756,22.51340083382966
00025101,2025,1,486,486,13.217296709273864
00025101,2025,2,903,903,24.558063638836007
00025101,2025,3,433,433,11.775904269785151
00025101,2025,4,1074,1074,29.208593962469404
00025101,2025,5,781,781,21.240141419635574
00025102,2025,1,826,826,22.931704608550806
00025102,2025,2,1489,1489,41.33814547473626
00025102,2025,3,272,272,7.551360355358135
00025102,2025,4,245,245,6.801776790671849
00025102,2025,5,770,770,21.377012770682953
00025104,2025,1,3380,3380,100.0
00025105,2025,1,639,639,17.430441898527004
00025105,2025,2,769,769,20.976541189307145
00025105,2025,3,431,431,11.756683033278778
00025105,2025,4,1047,1047,28.55973813420622
00025105,2025,5,780,780,21.27659574468085
00025106,2025,1,302,302,8.49507735583685
00025106,2025,2,670,670,18.846694796061886
00025106,2025,3,1035,1035,29.11392405063291
00025106,2025,4,764,764,21.49085794655415
00025106,2025,5,784,784,22.053445850914205
00025108,2025,1,486,486,13.217296709273864
00025108,2025,2,903,903,24.558063638836007
00025108,2025,3,433,433,11.775904269785151
00025108,2025,4,1074,1074,29.208593962469404
00025108,2025,5,781,781,21.240141419635574
00025109,2025,1,1489,1489,44.053254437869825
00025109,2025,2,865,865,25.59171597633136
00025109,2025,3,315,315,9.319526627218934
00025109,2025,4,124,124,3.668639053254438
00025109,2025,5,563,563,16.65680473372781
00025109,2025,6,24,24,0.7100591715976331
00025116,2025,1,3518,3518,100.0
00025117,2025,1,3376,3376,100.0
00025118,2025,1,1489,1489,44.027202838557066
00025118,2025,2,865,865,25.576581904198697
00025118,2025,3,339,339,10.023654642223537
00025118,2025,4,126,126,3.725606150206978
00025118,2025,5,563,563,16.64695446481372
00025119,2025,1,3518,3518,100.0
00025120,2025,1,3381,3381,100.0
00025121,2025,1,2129,2129,63.025458851391356
00025121,2025,2,1249,1249,36.974541148608644
00025122,2025,1,3382,3382,100.0
00025123,2025,1,2129,2129,63.025458851391356
00025123,2025,2,1249,1249,36.974541148608644
00025124,2025,1,390,390,11.085844229675953
00025124,2025,2,832,832,23.649801023308697
00025124,2025,3,759,759,21.574758385446277
00025124,2025,4,732,732,20.807276861853325
00025124,2025,5,805,805,22.88231949971575
00025125,2025,1,1489,1489,44.053254437869825
00025125,2025,2,865,865,25.59171597633136
00025125,2025,3,339,339,10.029585798816568
00025125,2025,4,124,124,3.668639053254438
00025125,2025,5,563,563,16.65680473372781
00025126,2025,1,2129,2129,63.025458851391356
00025126,2025,2,1249,1249,36.974541148608644
00025127,2025,1,3518,3518,100.0
00025128,2025,1,279,279,8.345797188154352
00025128,2025,2,655,655,19.59317977864194
00025128,2025,3,703,703,21.02901585402333
00025128,2025,4,950,950,28.417588991923424
00025128,2025,5,756,756,22.614418187256955
00025129,2025,1,415,415,12.515078407720145
00025129,2025,2,385,385,11.61037394451146
00025129,2025,3,1012,1012,30.51869722557298
00025129,2025,4,723,723,21.803377563329313
00025129,2025,5,781,781,23.552472858866103
00025130,2025,1,2384,2384,66.81614349775785
00025130,2025,2,1184,1184,33.18385650224215
00025132,2025,1,240,240,6.822057987492894
00025132,2025,2,832,832,23.649801023308697
00025132,2025,3,759,759,21.574758385446277
00025132,2025,4,732,732,20.807276861853325
00025132,2025,5,805,805,22.88231949971575
00025132,2025,6,150,150,4.263786242183058
00025133,2025,1,2384,2384,66.81614349775785
00025133,2025,2,1184,1184,33.18385650224215
00025134,2025,1,560,560,16.887816646562122
00025134,2025,2,1439,1439,43.3956574185766
00025134,2025,3,355,355,10.705669481302774
00025134,2025,4,181,181,5.458383594692401
00025134,2025,5,781,781,23.552472858866103
00025137,2025,1,195,195,6.163084702907712
00025137,2025,2,558,558,17.63590391908976
00025137,2025,3,958,958,30.278128950695322
00025137,2025,4,771,771,24.367888748419723
00025137,2025,5,682,682,21.554993678887485
00025138,2025,1,384,384,11.14335461404527
00025138,2025,2,836,836,24.260011607661056
00025138,2025,3,710,710,20.60359837492745
00025138,2025,4,731,731,21.213000580383053
00025138,2025,5,785,785,22.78003482298317
00025140,2025,1,267,267,8.527626956244012
00025140,2025,2,367,367,11.721494730118174
00025140,2025,3,921,921,29.41552219738103
00025140,2025,4,852,852,27.211753433407857
00025140,2025,5,724,724,23.12360268284893
00025141,2025,1,3299,3299,100.0
00025143,2025,1,195,195,5.9760956175298805
00025143,2025,2,516,516,15.813668403309837
00025143,2025,3,708,708,21.697824088262337
00025143,2025,4,895,895,27.428746552252527
00025143,2025,5,751,751,23.015629788538156
00025143,2025,6,198,198,6.068035550107263
00025144,2025,1,371,371,11.24583207032434
00025144,2025,2,722,722,21.88541982418915
00025144,2025,3,659,659,19.975750227341617
00025144,2025,4,783,783,23.734464989390723
00025144,2025,5,764,764,23.158532888754166
00025145,2025,1,246,246,6.854276957369741
00025145,2025,2,699,699,19.476177208135972
00025145,2025,3,839,839,23.376985232655336
00025145,2025,4,797,797,22.206742825299525
00025145,2025,5,809,809,22.541097798829757
00025145,2025,6,199,199,5.5447199777096685
00025146,2025,1,504,504,15.254237288135593
00025146,2025,2,1591,1591,48.153753026634384
00025146,2025,3,282,282,8.535108958837773
00025146,2025,4,146,146,4.418886198547216
00025146,2025,5,781,781,23.638014527845037
00025148,2025,1,3541,3541,100.0
00025149,2025,1,405,405,12.060750446694462
00025149,2025,2,476,476,14.175104228707564
00025149,2025,3,764,764,22.751637879690293
00025149,2025,4,957,957,28.499106611078023
00025149,2025,5,756,756,22.51340083382966
00025151,2025,1,200,200,6.550933508024894
00025151,2025,2,522,522,17.09793645594497
00025151,2025,3,712,712,23.32132328856862
00025151,2025,4,918,918,30.068784801834262
00025151,2025,5,701,701,22.96102194562725
00025152,2025,1,384,384,11.06947247045258
00025152,2025,2,847,847,24.416258287690976
00025152,2025,3,722,722,20.81291438454886
00025152,2025,4,731,731,21.072355145575095
00025152,2025,5,785,785,22.628999711732487
00025155,2025,1,320,320,9.090909090909092
00025155,2025,2,638,638,18.125
00025155,2025,3,912,912,25.90909090909091
00025155,2025,4,844,844,23.977272727272727
00025155,2025,5,806,806,22.897727272727273
00025156,2025,1,396,396,11.98547215496368
00025156,2025,2,427,427,12.923728813559322
00025156,2025,3,990,990,29.9636803874092
00025156,2025,4,710,710,21.48910411622276
00025156,2025,5,781,781,23.638014527845037
00025157,2025,1,200,200,6.550933508024894
00025157,2025,2,522,522,17.09793645594497
00025157,2025,3,712,712,23.32132328856862
00025157,2025,4,918,918,30.068784801834262
00025157,2025,5,701,701,22.96102194562725
00025158,2025,1,144,144,4.716672125777923
00025158,2025,2,460,460,15.067147068457254
00025158,2025,3,687,687,22.50245660006551
00025158,2025,4,912,912,29.872256796593515
00025158,2025,5,701,701,22.96102194562725
00025158,2025,6,149,149,4.880445463478546
00025159,2025,1,396,396,11.98547215496368
00025159,2025,2,427,427,12.923728813559322
00025159,2025,3,990,990,29.9636803874092
00025159,2025,4,710,710,21.48910411622276
00025159,2025,5,781,781,23.638014527845037
00025161,2025,1,397,397,11.061577040958484
00025161,2025,2,729,729,20.31206464196155
00025161,2025,3,841,841,23.43271106157704
00025161,2025,4,813,813,22.652549456673167
00025161,2025,5,809,809,22.541097798829757
00025162,2025,1,3376,3376,100.0
00025163,2025,1,246,246,6.854276957369741
00025163,2025,2,699,699,19.476177208135972
00025163,2025,3,839,839,23.376985232655336
00025163,2025,4,797,797,22.206742825299525
00025163,2025,5,809,809,22.541097798829757
00025163,2025,6,199,199,5.5447199777096685
00025164,2025,1,298,298,8.097826086956522
00025164,2025,2,697,697,18.940217391304348
00025164,2025,3,756,756,20.543478260869566
00025164,2025,4,906,906,24.619565217391305
00025164,2025,5,793,793,21.54891304347826
00025164,2025,6,230,230,6.25
00025165,2025,1,3680,3680,100.0
00025167,2025,1,471,471,13.561762165274978
00025167,2025,2,396,396,11.40224589691909
00025167,2025,3,1027,1027,29.570976101353295
00025167,2025,4,794,794,22.86207889432767
00025167,2025,5,785,785,22.602936942124963
00025169,2025,1,471,471,13.51118760757315
00025169,2025,2,396,396,11.359724612736661
00025169,2025,3,1027,1027,29.460699942627652
00025169,2025,4,807,807,23.14974182444062
00025169,2025,5,785,785,22.518646012621915
00025170,2025,1,200,200,6.550933508024894
00025170,2025,2,522,522,17.09793645594497
00025170,2025,3,712,712,23.32132328856862
00025170,2025,4,918,918,30.068784801834262
00025170,2025,5,701,701,22.96102194562725
00025171,2025,1,320,320,9.090909090909092
00025171,2025,2,638,638,18.125
00025171,2025,3,912,912,25.90909090909091
00025171,2025,4,844,844,23.977272727272727
00025171,2025,5,806,806,22.897727272727273
00025172,2025,1,3253,3253,100.0
00025174,2025,1,390,390,11.085844229675953
00025174,2025,2,832,832,23.649801023308697
00025174,2025,3,759,759,21.574758385446277
00025174,2025,4,732,732,20.807276861853325
00025174,2025,5,805,805,22.88231949971575
00025176,2025,1,231,231,7.064220183486238
00025176,2025,2,463,463,14.15902140672783
00025176,2025,3,742,742,22.69113149847095
00025176,2025,4,900,900,27.522935779816514
00025176,2025,5,736,736,22.507645259938837
00025176,2025,6,198,198,6.055045871559633
00025177,2025,1,390,390,11.085844229675953
00025177,2025,2,832,832,23.649801023308697
00025177,2025,3,735,735,20.892552586696986
00025177,2025,4,732,732,20.807276861853325
00025177,2025,5,805,805,22.88231949971575
00025177,2025,6,24,24,0.6822057987492893
00025179,2025,1,200,200,6.550933508024894
00025179,2025,2,522,522,17.09793645594497
00025179,2025,3,712,712,23.32132328856862
00025179,2025,4,918,918,30.068784801834262
00025179,2025,5,701,701,22.96102194562725
00025180,2025,1,245,245,7.401812688821752
00025180,2025,2,561,561,16.948640483383684
00025180,2025,3,786,786,23.746223564954683
00025180,2025,4,973,973,29.395770392749245
00025180,2025,5,745,745,22.507552870090635
00025181,2025,1,320,320,9.090909090909092
00025181,2025,2,638,638,18.125
00025181,2025,3,912,912,25.90909090909091
00025181,2025,4,844,844,23.977272727272727
00025181,2025,5,806,806,22.897727272727273
00025182,2025,1,397,397,11.04004449388209
00025182,2025,2,729,729,20.272525027808676
00025182,2025,3,848,848,23.5817575083426
00025182,2025,4,813,813,22.60845383759733
00025182,2025,5,809,809,22.4972191323693
00025183,2025,1,590,590,16.983304548071388
00025183,2025,2,1669,1669,48.04260218767991
00025183,2025,3,271,271,7.800805987334485
00025183,2025,4,161,161,4.634427173287277
00025183,2025,5,783,783,22.53886010362694
00025184,2025,1,285,285,7.093081134892982
00025184,2025,2,972,972,24.19113987058238
00025184,2025,3,930,930,23.145843703334993
00025184,2025,4,721,721,17.94425087108014
00025184,2025,5,1110,1110,27.625684420109508
00025185,2025,1,472,472,13.58664363845711
00025185,2025,2,410,410,11.80195739781232
00025185,2025,3,1026,1026,29.533678756476682
00025185,2025,4,783,783,22.53886010362694
00025185,2025,5,783,783,22.53886010362694
00025186,2025,1,284,284,7.068193130910901
00025186,2025,2,684,684,17.023394723743156
00025186,2025,3,1007,1007,25.0622200099552
00025186,2025,4,933,933,23.220507715281233
00025186,2025,5,1110,1110,27.625684420109508
00025187,2025,1,590,590,16.983304548071388
00025187,2025,2,1669,1669,48.04260218767991
00025187,2025,3,271,271,7.800805987334485
00025187,2025,4,161,161,4.634427173287277
00025187,2025,5,783,783,22.53886010362694
00025188,2025,1,472,472,14.191220685508117
00025188,2025,2,410,410,12.32711966325917
00025188,2025,3,960,960,28.863499699338544
00025188,2025,4,694,694,20.865904990980155
00025188,2025,5,790,790,23.752254960914012
00025189,2025,1,1886,1886,58.22784810126582
00025189,2025,2,318,318,9.817845013893177
00025189,2025,3,90,90,2.778635381290522
00025189,2025,4,796,796,24.575486261191728
00025189,2025,5,149,149,4.600185242358752
00025190,2025,1,590,590,16.983304548071388
00025190,2025,2,1656,1656,47.66839378238342
00025190,2025,3,284,284,8.175014392630972
00025190,2025,4,161,161,4.634427173287277
00025190,2025,5,783,783,22.53886010362694
00025191,2025,1,3384,3384,100.0
00025192,2025,1,460,460,13.59338061465721
00025192,2025,2,374,374,11.052009456264775
00025192,2025,3,1026,1026,30.319148936170212
00025192,2025,4,739,739,21.83806146572104
00025192,2025,5,785,785,23.19739952718676
00025194,2025,1,272,272,8.418446301454658
00025194,2025,2,1560,1560,48.28226555246054
00025194,2025,3,269,269,8.32559579077685
00025194,2025,4,320,320,9.904054472299597
00025194,2025,5,790,790,24.450634478489633
00025194,2025,6,20,20,0.6190034045187248
00025195,2025,1,3239,3239,100.0
00025196,2025,1,3376,3376,100.0
00025197,2025,1,735,735,22.692188947205928
00025197,2025,2,1112,1112,34.33158382216734
00025197,2025,3,253,253,7.8110527940722445
00025197,2025,4,90,90,2.778635381290522
00025197,2025,5,796,796,24.575486261191728
00025197,2025,6,253,253,7.8110527940722445
00025198,2025,1,261,261,8.058042605742513
00025198,2025,2,1586,1586,48.96573016363075
00025198,2025,3,318,318,9.817845013893177
00025198,2025,4,90,90,2.778635381290522
00025198,2025,5,796,796,24.575486261191728
00025198,2025,6,188,188,5.8042605742513125
00025199,2025,1,396,396,11.98547215496368
00025199,2025,2,427,427,12.923728813559322
00025199,2025,3,990,990,29.9636803874092
00025199,2025,4,710,710,21.48910411622276
00025199,2025,5,781,781,23.638014527845037
00025200,2025,1,3239,3239,100.0
00025202,2025,1,261,261,8.058042605742513
00025202,2025,2,1586,1586,48.96573016363075
00025202,2025,3,318,318,9.817845013893177
00025202,2025,4,90,90,2.778635381290522
00025202,2025,5,796,796,24.575486261191728
00025202,2025,6,188,188,5.8042605742513125
00025203,2025,1,3376,3376,100.0
00025204,2025,1,353,353,9.48160085952189
00025204,2025,2,2037,2037,54.713940370668816
00025204,2025,3,253,253,6.795594950308891
00025204,2025,4,126,126,3.3843674456083805
00025204,2025,5,889,889,23.87859253290357
00025204,2025,6,65,65,1.7459038409884502
00025205,2025,1,514,514,15.556900726392252
00025205,2025,2,1585,1585,47.97215496368039
00025205,2025,3,266,266,8.05084745762712
00025205,2025,4,158,158,4.782082324455206
00025205,2025,5,781,781,23.638014527845037
00025207,2025,1,3376,3376,100.0
00025208,2025,1,3239,3239,100.0
00025209,2025,1,884,884,27.29237418956468
00025209,2025,2,716,716,22.10558814448904
00025209,2025,3,356,356,10.991046619326953
00025209,2025,4,487,487,15.035504785427602
00025209,2025,5,796,796,24.575486261191728
00025210,2025,1,396,396,11.967361740707162
00025210,2025,2,427,427,12.90420066485343
00025210,2025,3,992,992,29.97884557268057
00025210,2025,4,710,710,21.456633423995164
00025210,2025,5,784,784,23.692958597763674
00025211,2025,1,261,261,8.058042605742513
00025211,2025,2,1586,1586,48.96573016363075
00025211,2025,3,253,253,7.8110527940722445
00025211,2025,4,90,90,2.778635381290522
00025211,2025,5,796,796,24.575486261191728
00025211,2025,6,253,253,7.8110527940722445
00025212,2025,1,195,195,6.097560975609756
00025212,2025,2,485,485,15.165728580362726
00025212,2025,3,1080,1080,33.771106941838646
00025212,2025,4,760,760,23.764853033145716
00025212,2025,5,678,678,21.20075046904315
00025213,2025,1,3239,3239,100.0
00025215,2025,1,527,527,15.91183574879227
00025215,2025,2,1572,1572,47.46376811594203
00025215,2025,3,266,266,8.031400966183575
00025215,2025,4,158,158,4.770531400966184
00025215,2025,5,789,789,23.82246376811594
00025216,2025,1,353,353,9.48160085952189
00025216,2025,2,2032,2032,54.57964007520817
00025216,2025,3,296,296,7.950577491270481
00025216,2025,4,126,126,3.3843674456083805
00025216,2025,5,889,889,23.87859253290357
00025216,2025,6,27,27,0.7252215954875101
00025218,2025,1,3239,3239,100.0
00025219,2025,1,3376,3376,100.0
00025220,2025,1,353,353,10.898425439950602
00025220,2025,2,1518,1518,46.86631676443347
00025220,2025,3,318,318,9.817845013893177
00025220,2025,4,254,254,7.841926520531028
00025220,2025,5,796,796,24.575486261191728
00025222,2025,1,261,261,8.058042605742513
00025222,2025,2,1422,1422,43.90243902439025
00025222,2025,3,318,318,9.817845013893177
00025222,2025,4,254,254,7.841926520531028
00025222,2025,5,796,796,24.575486261191728
00025222,2025,6,188,188,5.8042605742513125
00025224,2025,1,3376,3376,100.0
00025225,2025,1,3239,3239,100.0
00025227,2025,1,396,396,11.98547215496368
00025227,2025,2,427,427,12.923728813559322
00025227,2025,3,990,990,29.9636803874092
00025227,2025,4,710,710,21.48910411622276
00025227,2025,5,781,781,23.638014527845037
00025229,2025,1,3376,3376,100.0
00025230,2025,1,1102,1102,34.0228465575795
00025230,2025,2,745,745,23.000926211793765
00025230,2025,3,253,253,7.8110527940722445
00025230,2025,4,90,90,2.778635381290522
00025230,2025,5,796,796,24.575486261191728
00025230,2025,6,253,253,7.8110527940722445
00025231,2025,1,514,514,15.556900726392252
00025231,2025,2,1585,1585,47.97215496368039
00025231,2025,3,266,266,8.05084745762712
00025231,2025,4,158,158,4.782082324455206
00025231,2025,5,781,781,23.638014527845037
00025234,2025,1,3723,3723,100.0
00025235,2025,1,353,353,10.898425439950602
00025235,2025,2,1518,1518,46.86631676443347
00025235,2025,3,318,318,9.817845013893177
00025235,2025,4,254,254,7.841926520531028
00025235,2025,5,796,796,24.575486261191728
00025236,2025,1,442,442,13.37772397094431
00025236,2025,2,1585,1585,47.97215496368039
00025236,2025,3,266,266,8.05084745762712
00025236,2025,4,158,158,4.782082324455206
00025236,2025,5,781,781,23.638014527845037
00025236,2025,6,72,72,2.179176755447942
00025237,2025,1,396,396,11.98547215496368
00025237,2025,2,427,427,12.923728813559322
00025237,2025,3,990,990,29.9636803874092
00025237,2025,4,710,710,21.48910411622276
00025237,2025,5,781,781,23.638014527845037
00025238,2025,1,3239,3239,100.0
00025239,2025,1,396,396,11.98547215496368
00025239,2025,2,427,427,12.923728813559322
00025239,2025,3,990,990,29.9636803874092
00025239,2025,4,710,710,21.48910411622276
00025239,2025,5,781,781,23.638014527845037
00025240,2025,1,353,353,10.898425439950602
00025240,2025,2,1682,1682,51.929607903673975
00025240,2025,3,318,318,9.817845013893177
00025240,2025,4,90,90,2.778635381290522
00025240,2025,5,796,796,24.575486261191728
00025242,2025,1,2541,2541,68.25141015310234
00025242,2025,2,1182,1182,31.748589846897662
00025243,2025,1,3378,3378,100.0
00025244,2025,1,3239,3239,100.0
00025245,2025,1,261,261,8.058042605742513
00025245,2025,2,1586,1586,48.96573016363075
00025245,2025,3,253,253,7.8110527940722445
00025245,2025,4,90,90,2.778635381290522
00025245,2025,5,796,796,24.575486261191728
00025245,2025,6,253,253,7.8110527940722445
00025246,2025,1,3239,3239,100.0
00025247,2025,1,3239,3239,100.0
00025248,2025,1,353,353,10.898425439950602
00025248,2025,2,1518,1518,46.86631676443347
00025248,2025,3,318,318,9.817845013893177
00025248,2025,4,254,254,7.841926520531028
00025248,2025,5,796,796,24.575486261191728
00025249,2025,1,261,261,8.058042605742513
00025249,2025,2,1625,1625,50.169805495523306
00025249,2025,3,318,318,9.817845013893177
00025249,2025,4,90,90,2.778635381290522
00025249,2025,5,796,796,24.575486261191728
00025249,2025,6,149,149,4.600185242358752
00025250,2025,1,353,353,9.451137884872825
00025250,2025,2,516,516,13.815261044176706
00025250,2025,3,707,707,18.92904953145917
00025250,2025,4,1148,1148,30.73627844712182
00025250,2025,5,889,889,23.801874163319948
00025250,2025,6,122,122,3.2663989290495317
00025251,2025,1,261,261,8.058042605742513
00025251,2025,2,1151,1151,35.53565915405989
00025251,2025,3,589,589,18.184624884223524
00025251,2025,4,254,254,7.841926520531028
00025251,2025,5,796,796,24.575486261191728
00025251,2025,6,188,188,5.8042605742513125
00025252,2025,1,353,353,10.898425439950602
00025252,2025,2,1682,1682,51.929607903673975
00025252,2025,3,318,318,9.817845013893177
00025252,2025,4,90,90,2.778635381290522
00025252,2025,5,796,796,24.575486261191728
00025253,2025,1,261,261,8.058042605742513
00025253,2025,2,1620,1620,50.01543686322939
00025253,2025,3,231,231,7.131830811979006
00025253,2025,4,90,90,2.778635381290522
00025253,2025,5,796,796,24.575486261191728
00025253,2025,6,241,241,7.440568076566842
00025254,2025,1,3723,3723,100.0
00025255,2025,1,261,261,8.058042605742513
00025255,2025,2,1586,1586,48.96573016363075
00025255,2025,3,253,253,7.8110527940722445
00025255,2025,4,90,90,2.778635381290522
00025255,2025,5,796,796,24.575486261191728
00025255,2025,6,253,253,7.8110527940722445
00025256,2025,1,736,736,22.71604938271605
00025256,2025,2,948,948,29.25925925925926
00025256,2025,3,318,318,9.814814814814815
00025256,2025,4,254,254,7.839506172839506
00025256,2025,5,796,796,24.567901234567902
00025256,2025,6,188,188,5.802469135802469
00025257,2025,1,3298,3298,100.0
00025258,2025,1,885,885,27.314814814814813
00025258,2025,2,987,987,30.462962962962962
00025258,2025,3,318,318,9.814814814814815
00025258,2025,4,254,254,7.839506172839506
00025258,2025,5,796,796,24.567901234567902
00025260,2025,1,3240,3240,100.0
00025261,2025,1,3298,3298,100.0
00025262,2025,1,1677,1677,51.75925925925926
00025262,2025,2,171,171,5.277777777777778
00025262,2025,3,318,318,9.814814814814815
00025262,2025,4,90,90,2.7777777777777777
00025262,2025,5,796,796,24.567901234567902
00025262,2025,6,188,188,5.802469135802469
00025263,2025,1,924,924,28.51851851851852
00025263,2025,2,948,948,29.25925925925926
00025263,2025,3,318,318,9.814814814814815
00025263,2025,4,254,254,7.839506172839506
00025263,2025,5,796,796,24.567901234567902
00025264,2025,1,3298,3298,100.0
00025265,2025,1,3298,3298,100.0
00025266,2025,1,3298,3298,100.0
00025267,2025,1,3298,3298,100.0
00025268,2025,1,216,216,6.623735050597976
00025268,2025,2,493,493,15.118061944188899
00025268,2025,3,659,659,20.20852499233364
00025268,2025,4,1153,1153,35.3572523765716
00025268,2025,5,740,740,22.69242563630788
00025269,2025,1,303,303,9.039379474940334
00025269,2025,2,379,379,11.306682577565633
00025269,2025,3,1031,1031,30.757756563245824
00025269,2025,4,910,910,27.147971360381863
00025269,2025,5,729,729,21.74821002386635
00025270,2025,1,247,247,7.186499854524294
00025270,2025,2,525,525,15.274949083503055
00025270,2025,3,851,851,24.759965085830665
00025270,2025,4,1055,1055,30.69537387256328
00025270,2025,5,759,759,22.083212103578703
00025271,2025,1,411,411,11.235647895024604
00025271,2025,2,842,842,23.018042646254784
00025271,2025,3,832,832,22.744669218151994
00025271,2025,4,763,763,20.858392564242756
00025271,2025,5,810,810,22.14324767632586
00025272,2025,1,411,411,11.235647895024604
00025272,2025,2,844,844,23.072717331875342
00025272,2025,3,830,830,22.689994532531436
00025272,2025,4,763,763,20.858392564242756
00025272,2025,5,810,810,22.14324767632586
00025273,2025,1,411,411,11.235647895024604
00025273,2025,2,842,842,23.018042646254784
00025273,2025,3,792,792,21.65117550574084
00025273,2025,4,763,763,20.858392564242756
00025273,2025,5,810,810,22.14324767632586
00025273,2025,6,40,40,1.0934937124111537
00025274,2025,1,342,342,10.481152313821637
00025274,2025,2,537,537,16.457247931351517
00025274,2025,3,721,721,22.09623046276433
00025274,2025,4,912,912,27.949739503524363
00025274,2025,5,751,751,23.015629788538156
00025275,2025,1,397,397,11.04004449388209
00025275,2025,2,729,729,20.272525027808676
00025275,2025,3,848,848,23.5817575083426
00025275,2025,4,813,813,22.60845383759733
00025275,2025,5,809,809,22.4972191323693
00025277,2025,1,342,342,10.497237569060774
00025277,2025,2,551,551,16.9122160834868
00025277,2025,3,711,711,21.823204419889503
00025277,2025,4,912,912,27.992633517495396
00025277,2025,5,742,742,22.774708410067525
00025278,2025,1,397,397,11.061577040958484
00025278,2025,2,729,729,20.31206464196155
00025278,2025,3,841,841,23.43271106157704
00025278,2025,4,813,813,22.652549456673167
00025278,2025,5,809,809,22.541097798829757
00025283,2025,1,396,396,11.981845688350983
00025283,2025,2,427,427,12.91981845688351
00025283,2025,3,990,990,29.95461422087746
00025283,2025,4,710,710,21.482602118003026
00025283,2025,5,782,782,23.661119515885023
00025285,2025,1,240,240,6.781576716586606
00025285,2025,2,844,844,23.8485447866629
00025285,2025,3,756,756,21.36196665724781
00025285,2025,4,744,744,21.02288782141848
00025285,2025,5,805,805,22.746538570217577
00025285,2025,6,150,150,4.238485447866629
00025286,2025,1,2129,2129,63.025458851391356
00025286,2025,2,1249,1249,36.974541148608644
00025287,2025,1,2129,2129,63.025458851391356
00025287,2025,2,1249,1249,36.974541148608644
00025288,2025,1,2129,2129,63.025458851391356
00025288,2025,2,1249,1249,36.974541148608644
00025289,2025,1,2129,2129,63.025458851391356
00025289,2025,2,1249,1249,36.974541148608644
00025290,2025,1,2129,2129,63.025458851391356
00025290,2025,2,1249,1249,36.974541148608644
00025291,2025,1,469,469,13.508064516129032
00025291,2025,2,381,381,10.973502304147466
00025291,2025,3,1037,1037,29.867511520737327
00025291,2025,4,800,800,23.04147465437788
00025291,2025,5,785,785,22.609447004608295
00025292,2025,1,275,275,7.823613086770981
00025292,2025,2,1613,1613,45.88904694167852
00025292,2025,3,256,256,7.283072546230441
00025292,2025,4,686,686,19.516358463726885
00025292,2025,5,685,685,19.48790896159317
00025293,2025,1,2129,2129,63.025458851391356
00025293,2025,2,1249,1249,36.974541148608644
00025294,2025,1,587,587,16.90668202764977
00025294,2025,2,1662,1662,47.86866359447004
00025294,2025,3,266,266,7.661290322580645
00025294,2025,4,172,172,4.953917050691245
00025294,2025,5,785,785,22.609447004608295
00025295,2025,1,396,396,11.98547215496368
00025295,2025,2,427,427,12.923728813559322
00025295,2025,3,990,990,29.9636803874092
00025295,2025,4,710,710,21.48910411622276
00025295,2025,5,781,781,23.638014527845037
00025296,2025,1,442,442,13.37772397094431
00025296,2025,2,1585,1585,47.97215496368039
00025296,2025,3,266,266,8.05084745762712
00025296,2025,4,158,158,4.782082324455206
00025296,2025,5,781,781,23.638014527845037
00025296,2025,6,72,72,2.179176755447942
00025297,2025,1,396,396,12.036474164133738
00025297,2025,2,427,427,12.97872340425532
00025297,2025,3,966,966,29.361702127659573
00025297,2025,4,709,709,21.55015197568389
00025297,2025,5,792,792,24.072948328267476
00025299,2025,1,716,716,20.231703871150042
00025299,2025,2,1057,1057,29.867194122633514
00025299,2025,3,395,395,11.161345012715456
00025299,2025,4,630,630,17.801638881039842
00025299,2025,5,741,741,20.938118112461147
00025300,2025,1,514,514,15.547489413188142
00025300,2025,2,1585,1585,47.94313369630974
00025300,2025,3,219,219,6.624319419237749
00025300,2025,4,158,158,4.779189352692075
00025300,2025,5,779,779,23.563218390804597
00025300,2025,6,51,51,1.5426497277676952
00025302,2025,1,514,514,15.547489413188142
00025302,2025,2,1585,1585,47.94313369630974
00025302,2025,3,270,270,8.166969147005444
00025302,2025,4,158,158,4.779189352692075
00025302,2025,5,779,779,23.563218390804597
00025303,2025,1,342,342,10.481152313821637
00025303,2025,2,537,537,16.457247931351517
00025303,2025,3,721,721,22.09623046276433
00025303,2025,4,912,912,27.949739503524363
00025303,2025,5,751,751,23.015629788538156
00025304,2025,1,3589,3589,100.0
00025305,2025,1,397,397,11.061577040958484
00025305,2025,2,729,729,20.31206464196155
00025305,2025,3,841,841,23.43271106157704
00025305,2025,4,813,813,22.652549456673167
00025305,2025,5,809,809,22.541097798829757
00025306,2025,1,277,277,7.862617087709339
00025306,2025,2,774,774,21.969912006812375
00025306,2025,3,985,985,27.959125745103606
00025306,2025,4,769,769,21.827987510644338
00025306,2025,5,718,718,20.380357649730342
00025310,2025,1,397,397,11.061577040958484
00025310,2025,2,729,729,20.31206464196155
00025310,2025,3,841,841,23.43271106157704
00025310,2025,4,813,813,22.652549456673167
00025310,2025,5,809,809,22.541097798829757
00025313,2025,1,246,246,6.854276957369741
00025313,2025,2,699,699,19.476177208135972
00025313,2025,3,839,839,23.376985232655336
00025313,2025,4,797,797,22.206742825299525
00025313,2025,5,809,809,22.541097798829757
00025313,2025,6,199,199,5.5447199777096685
00025316,2025,1,452,452,13.34120425029516
00025316,2025,2,386,386,11.39315230224321
00025316,2025,3,1033,1033,30.48996458087367
00025316,2025,4,736,736,21.723730814639907
00025316,2025,5,781,781,23.051948051948052
00025317,2025,1,444,444,13.337338540102133
00025317,2025,2,1590,1590,47.76209071793331
00025317,2025,3,280,280,8.410934214478823
00025317,2025,4,158,158,4.746170021027336
00025317,2025,5,781,781,23.460498648242716
00025317,2025,6,76,76,2.2829678582156805
00025318,2025,1,353,353,9.48160085952189
00025318,2025,2,2037,2037,54.713940370668816
00025318,2025,3,318,318,8.541498791297341
00025318,2025,4,126,126,3.3843674456083805
00025318,2025,5,889,889,23.87859253290357
00025319,2025,1,428,428,12.580834803057025
00025319,2025,2,1112,1112,32.68665490887713
00025319,2025,3,363,363,10.670194003527337
00025319,2025,4,756,756,22.22222222222222
00025319,2025,5,743,743,21.840094062316286
00025320,2025,1,3408,3408,100.0
00025321,2025,1,336,336,10.062893081761006
00025321,2025,2,812,812,24.31865828092243
00025321,2025,3,572,572,17.130877508235997
00025321,2025,4,882,882,26.41509433962264
00025321,2025,5,737,737,22.072476789457923
00025322,2025,1,336,336,10.062893081761006
00025322,2025,2,812,812,24.31865828092243
00025322,2025,3,572,572,17.130877508235997
00025322,2025,4,882,882,26.41509433962264
00025322,2025,5,737,737,22.072476789457923
00025323,2025,1,390,390,11.092150170648464
00025323,2025,2,831,831,23.63481228668942
00025323,2025,3,757,757,21.53014789533561
00025323,2025,4,733,733,20.847554038680318
00025323,2025,5,805,805,22.89533560864619
00025324,2025,1,219,219,6.6424021838034575
00025324,2025,2,721,721,21.86836518046709
00025324,2025,3,657,657,19.92720655141037
00025324,2025,4,784,784,23.779193205944797
00025324,2025,5,764,764,23.172581134364574
00025324,2025,6,152,152,4.610251744009706
00025326,2025,1,186,186,5.871212121212121
00025326,2025,2,485,485,15.309343434343434
00025326,2025,3,1066,1066,33.648989898989896
00025326,2025,4,760,760,23.98989898989899
00025326,2025,5,671,671,21.180555555555557
00025327,2025,1,396,396,11.98547215496368
00025327,2025,2,427,427,12.923728813559322
00025327,2025,3,990,990,29.9636803874092
00025327,2025,4,710,710,21.48910411622276
00025327,2025,5,781,781,23.638014527845037
00025328,2025,1,436,436,12.372304199772985
00025328,2025,2,770,770,21.85017026106697
00025328,2025,3,754,754,21.396140749148696
00025328,2025,4,759,759,21.538024971623155
00025328,2025,5,805,805,22.843359818388194
00025330,2025,1,390,390,11.085844229675953
00025330,2025,2,832,832,23.649801023308697
00025330,2025,3,759,759,21.574758385446277
00025330,2025,4,732,732,20.807276861853325
00025330,2025,5,805,805,22.88231949971575
00025331,2025,1,390,390,11.085844229675953
00025331,2025,2,832,832,23.649801023308697
00025331,2025,3,759,759,21.574758385446277
00025331,2025,4,732,732,20.807276861853325
00025331,2025,5,805,805,22.88231949971575
00025332,2025,1,587,587,16.892086330935253
00025332,2025,2,1662,1662,47.827338129496404
00025332,2025,3,269,269,7.741007194244604
00025332,2025,4,172,172,4.9496402877697845
00025332,2025,5,785,785,22.58992805755396
00025334,2025,1,452,452,13.3846609416642
00025334,2025,2,381,381,11.282203138880663
00025334,2025,3,1027,1027,30.411607936037903
00025334,2025,4,736,736,21.79449215279834
00025334,2025,5,781,781,23.127035830618894
00025338,2025,1,2455,2455,69.7839681637294
00025338,2025,2,1063,1063,30.21603183627061
00025339,2025,1,3518,3518,100.0
00025340,2025,1,3299,3299,100.0
00025341,2025,1,3469,3469,100.0
00025342,2025,1,259,259,7.013268345518549
00025342,2025,2,884,884,23.937178445708096
00025342,2025,3,459,459,12.428919577579205
00025342,2025,4,1160,1160,31.4107771459518
00025342,2025,5,931,931,25.20985648524235
00025343,2025,1,259,259,8.040981061782055
00025343,2025,2,847,847,26.296181310152125
00025343,2025,3,440,440,13.660353927351753
00025343,2025,4,874,874,27.13443030114871
00025343,2025,5,801,801,24.86805339956535
00025345,2025,1,335,335,9.821166813251246
00025345,2025,2,1013,1013,29.69803576663735
00025345,2025,3,609,609,17.854001759014952
00025345,2025,4,571,571,16.739958956317796
00025345,2025,5,883,883,25.886836704778656
00025347,2025,1,3518,3518,100.0
00025348,2025,1,390,390,11.085844229675953
00025348,2025,2,832,832,23.649801023308697
00025348,2025,3,759,759,21.574758385446277
00025348,2025,4,732,732,20.807276861853325
00025348,2025,5,805,805,22.88231949971575
00025349,2025,1,287,287,8.223495702005732
00025349,2025,2,386,386,11.060171919770774
00025349,2025,3,1040,1040,29.799426934097422
00025349,2025,4,804,804,23.03724928366762
00025349,2025,5,788,788,22.578796561604584
00025349,2025,6,185,185,5.300859598853868
00025350,2025,1,295,295,8.438215102974828
00025350,2025,2,650,650,18.59267734553776
00025350,2025,3,892,892,25.51487414187643
00025350,2025,4,889,889,25.429061784897026
00025350,2025,5,770,770,22.02517162471396
00025351,2025,1,142,142,4.622395833333333
00025351,2025,2,532,532,17.317708333333332
00025351,2025,3,899,899,29.264322916666668
00025351,2025,4,770,770,25.065104166666668
00025351,2025,5,729,729,23.73046875
00025352,2025,1,587,587,16.90668202764977
00025352,2025,2,1662,1662,47.86866359447004
00025352,2025,3,266,266,7.661290322580645
00025352,2025,4,172,172,4.953917050691245
00025352,2025,5,785,785,22.609447004608295
00025353,2025,1,3486,3486,100.0
00025355,2025,1,320,320,9.51531370799881
00025355,2025,2,913,913,27.148379423134106
00025355,2025,3,717,717,21.320249776984834
00025355,2025,4,744,744,22.123104371097234
00025355,2025,5,669,669,19.892952720785015
00025356,2025,1,105,105,3.436988543371522
00025356,2025,2,638,638,20.88379705400982
00025356,2025,3,677,677,22.160392798690673
00025356,2025,4,1022,1022,33.45335515548282
00025356,2025,5,613,613,20.06546644844517
00025357,2025,1,187,187,5.704697986577181
00025357,2025,2,850,850,25.930445393532644
00025357,2025,3,762,762,23.24588163514338
00025357,2025,4,864,864,26.357535082367296
00025357,2025,5,615,615,18.7614399023795
00025361,2025,1,309,309,8.838672768878718
00025361,2025,2,966,966,27.63157894736842
00025361,2025,3,565,565,16.16132723112128
00025361,2025,4,811,811,23.197940503432495
00025361,2025,5,845,845,24.170480549199084
00025364,2025,1,2455,2455,69.7839681637294
00025364,2025,2,1063,1063,30.21603183627061
00025365,2025,1,304,304,7.5322101090188305
00025365,2025,2,999,999,24.75222993062438
00025365,2025,3,805,805,19.945490584737364
00025365,2025,4,986,986,24.430128840436076
00025365,2025,5,942,942,23.33994053518335
00025366,2025,1,304,304,7.611417125688533
00025366,2025,2,999,999,25.01251877816725
00025366,2025,3,802,802,20.080120180270406
00025366,2025,4,960,960,24.036054081121684
00025366,2025,5,929,929,23.25988983475213
00025368,2025,1,167,167,4.989542874215716
00025368,2025,2,1343,1343,40.12548550941141
00025368,2025,3,603,603,18.01613385121004
00025368,2025,4,450,450,13.4448760083657
00025368,2025,5,715,715,21.36241410218106
00025368,2025,6,69,69,2.0615476546160743
00025369,2025,1,2599,2599,70.09169363538295
00025369,2025,2,1109,1109,29.908306364617044
00025370,2025,1,323,323,9.286946520989074
00025370,2025,2,776,776,22.31167337550316
00025370,2025,3,743,743,21.362852213916042
00025370,2025,4,742,742,21.334100057504312
00025370,2025,5,704,704,20.24151811385854
00025370,2025,6,190,190,5.462909718228867
00025372,2025,1,443,443,12.064270152505447
00025372,2025,2,1140,1140,31.045751633986928
00025372,2025,3,427,427,11.628540305010894
00025372,2025,4,514,514,13.997821350762527
00025372,2025,5,908,908,24.727668845315904
00025372,2025,6,240,240,6.5359477124183005
00025373,2025,1,3672,3672,100.0
00025379,2025,1,162,162,4.981549815498155
00025379,2025,2,684,684,21.03321033210332
00025379,2025,3,709,709,21.801968019680196
00025379,2025,4,711,711,21.863468634686345
00025379,2025,5,823,823,25.307503075030752
00025379,2025,6,163,163,5.01230012300123
00025380,2025,1,401,401,11.77334116265414
00025380,2025,2,677,677,19.876688197298883
00025380,2025,3,734,734,21.55020551967117
00025380,2025,4,771,771,22.636523781561948
00025380,2025,5,823,823,24.163241338813858
00025381,2025,1,258,258,7.574867880211392
00025381,2025,2,649,649,19.05460951262478
00025381,2025,3,734,734,21.55020551967117
00025381,2025,4,771,771,22.636523781561948
00025381,2025,5,823,823,24.163241338813858
00025381,2025,6,171,171,5.020551967116853
00025382,2025,1,258,258,7.574867880211392
00025382,2025,2,649,649,19.05460951262478
00025382,2025,3,734,734,21.55020551967117
00025382,2025,4,771,771,22.636523781561948
00025382,2025,5,823,823,24.163241338813858
00025382,2025,6,171,171,5.020551967116853
00025383,2025,1,258,258,7.550482879719052
00025383,2025,2,649,649,18.993268949370794
00025383,2025,3,735,735,21.51009657594381
00025383,2025,4,771,771,22.563652326602284
00025383,2025,5,833,833,24.378109452736318
00025383,2025,6,171,171,5.004389815627744
00025384,2025,1,162,162,4.963235294117647
00025384,2025,2,684,684,20.955882352941178
00025384,2025,3,711,711,21.783088235294116
00025384,2025,4,711,711,21.783088235294116
00025384,2025,5,833,833,25.520833333333332
00025384,2025,6,163,163,4.993872549019608
00025385,2025,1,218,218,7.048173294536049
00025385,2025,2,567,567,18.331716779825413
00025385,2025,3,836,836,27.028774652440998
00025385,2025,4,740,740,23.92499191723246
00025385,2025,5,732,732,23.666343355965083
00025387,2025,1,258,258,7.574867880211392
00025387,2025,2,649,649,19.05460951262478
00025387,2025,3,734,734,21.55020551967117
00025387,2025,4,771,771,22.636523781561948
00025387,2025,5,823,823,24.163241338813858
00025387,2025,6,171,171,5.020551967116853
00025388,2025,1,3252,3252,100.0
00025389,2025,1,303,303,7.474099654662062
00025389,2025,2,1173,1173,28.93438579181056
00025389,2025,3,793,793,19.560927479033055
00025389,2025,4,844,844,20.818944252590036
00025389,2025,5,941,941,23.21164282190429
00025390,2025,1,260,260,7.252440725244073
00025390,2025,2,870,870,24.267782426778243
00025390,2025,3,693,693,19.330543933054393
00025390,2025,4,915,915,25.523012552301257
00025390,2025,5,847,847,23.626220362622036
00025393,2025,1,3269,3269,100.0
00025394,2025,1,3518,3518,100.0
00025395,2025,1,590,590,16.55907942744878
00025395,2025,2,1674,1674,46.9828795958462
00025395,2025,3,1101,1101,30.900926185798486
00025395,2025,4,198,198,5.55711479090654
00025396,2025,1,398,398,11.14533744049286
00025396,2025,2,945,945,26.463175581069727
00025396,2025,3,576,576,16.12993559227107
00025396,2025,4,839,839,23.4948193783254
00025396,2025,5,813,813,22.76673200784094
00025397,2025,1,3562,3562,100.0
00025398,2025,1,332,332,9.75609756097561
00025398,2025,2,605,605,17.778430796356158
00025398,2025,3,808,808,23.743755509844256
00025398,2025,4,868,868,25.506905671466352
00025398,2025,5,790,790,23.214810461357626
00025399,2025,1,3719,3719,100.0
00025400,2025,1,3719,3719,100.0
00025401,2025,1,3719,3719,100.0
00025402,2025,1,3719,3719,100.0
00025403,2025,1,2409,2409,64.7754772788384
00025403,2025,2,1310,1310,35.224522721161605
00025404,2025,1,2409,2409,64.7754772788384
00025404,2025,2,1310,1310,35.224522721161605
00025405,2025,1,618,618,16.590604026845636
00025405,2025,2,1652,1652,44.348993288590606
00025405,2025,3,233,233,6.25503355704698
00025405,2025,4,248,248,6.657718120805369
00025405,2025,5,910,910,24.42953020134228
00025405,2025,6,64,64,1.7181208053691275
00025406,2025,1,3700,3700,100.0
00025408,2025,1,224,224,6.42570281124498
00025408,2025,2,1806,1806,51.80722891566265
00025408,2025,3,158,158,4.53241537578887
00025408,2025,4,204,204,5.851979345955249
00025408,2025,5,1034,1034,29.66150315547906
00025408,2025,6,60,60,1.721170395869191
00025409,2025,1,321,321,9.229442208165612
00025409,2025,2,1238,1238,35.595169637722826
00025409,2025,3,596,596,17.136285221391603
00025409,2025,4,579,579,16.64749856239218
00025409,2025,5,744,744,21.391604370327773
00025410,2025,1,2284,2284,62.42142661929489
00025410,2025,2,351,351,9.592784913910904
00025410,2025,3,154,154,4.208800218638973
00025410,2025,4,870,870,23.776988248155234
00025411,2025,1,713,713,18.438065683992757
00025411,2025,2,1261,1261,32.6092578226015
00025411,2025,3,292,292,7.551073183346263
00025411,2025,4,649,649,16.78303594517714
00025411,2025,5,952,952,24.618567364882338
00025412,2025,1,415,415,13.469652710159039
00025412,2025,2,1295,1295,42.031807854592664
00025412,2025,3,141,141,4.576436222005842
00025412,2025,4,209,209,6.783511846802986
00025412,2025,5,736,736,23.88834793898085
00025412,2025,6,285,285,9.250243427458617
00025413,2025,1,2879,2879,100.0
00025414,2025,1,328,328,9.54320628455048
00025414,2025,2,580,580,16.875181844631946
00025414,2025,3,764,764,22.228687809135874
00025414,2025,4,771,771,22.432353796915915
00025414,2025,5,823,823,23.945301134710505
00025414,2025,6,171,171,4.975269130055281
00025415,2025,1,224,224,6.42570281124498
00025415,2025,2,1806,1806,51.80722891566265
00025415,2025,3,158,158,4.53241537578887
00025415,2025,4,204,204,5.851979345955249
00025415,2025,5,1034,1034,29.66150315547906
00025415,2025,6,60,60,1.721170395869191
00025417,2025,1,401,401,11.77334116265414
00025417,2025,2,677,677,19.876688197298883
00025417,2025,3,734,734,21.55020551967117
00025417,2025,4,771,771,22.636523781561948
00025417,2025,5,823,823,24.163241338813858
00025418,2025,1,156,156,4.580152671755725
00025418,2025,2,534,534,15.678214914856136
00025418,2025,3,593,593,17.410452143276572
00025418,2025,4,725,725,21.285965942454492
00025418,2025,5,821,821,24.104521432765708
00025418,2025,6,577,577,16.940692894891367
00025419,2025,1,304,304,10.700457585357269
00025419,2025,2,1516,1516,53.361492432242166
00025419,2025,3,157,157,5.526223160858852
00025419,2025,4,206,206,7.250967969024991
00025419,2025,5,612,612,21.541710665258712
00025419,2025,6,46,46,1.6191481872580078
00025420,2025,1,292,292,8.682723758548915
00025420,2025,2,1106,1106,32.88730300327089
00025420,2025,3,447,447,13.291703835860838
00025420,2025,4,555,555,16.503122212310437
00025420,2025,5,827,827,24.591138864109425
00025420,2025,6,136,136,4.044008325899495
00025421,2025,1,292,292,8.682723758548915
00025421,2025,2,1106,1106,32.88730300327089
00025421,2025,3,447,447,13.291703835860838
00025421,2025,4,555,555,16.503122212310437
00025421,2025,5,827,827,24.591138864109425
00025421,2025,6,136,136,4.044008325899495
00025422,2025,1,292,292,8.682723758548915
00025422,2025,2,1106,1106,32.88730300327089
00025422,2025,3,447,447,13.291703835860838
00025422,2025,4,555,555,16.503122212310437
00025422,2025,5,827,827,24.591138864109425
00025422,2025,6,136,136,4.044008325899495
00025423,2025,1,292,292,8.682723758548915
00025423,2025,2,1106,1106,32.88730300327089
00025423,2025,3,447,447,13.291703835860838
00025423,2025,4,555,555,16.503122212310437
00025423,2025,5,827,827,24.591138864109425
00025423,2025,6,136,136,4.044008325899495
00025424,2025,1,292,292,8.682723758548915
00025424,2025,2,1119,1119,33.27386262265834
00025424,2025,3,434,434,12.905144216473387
00025424,2025,4,555,555,16.503122212310437
00025424,2025,5,827,827,24.591138864109425
00025424,2025,6,136,136,4.044008325899495
00025426,2025,1,200,200,6.550933508024894
00025426,2025,2,522,522,17.09793645594497
00025426,2025,3,712,712,23.32132328856862
00025426,2025,4,918,918,30.068784801834262
00025426,2025,5,701,701,22.96102194562725
00025427,2025,1,245,245,7.401812688821752
00025427,2025,2,561,561,16.948640483383684
00025427,2025,3,786,786,23.746223564954683
00025427,2025,4,973,973,29.395770392749245
00025427,2025,5,745,745,22.507552870090635
00025428,2025,1,209,209,6.865965834428383
00025428,2025,2,584,584,19.185282522996058
00025428,2025,3,656,656,21.55059132720105
00025428,2025,4,1009,1009,33.14717477003942
00025428,2025,5,586,586,19.250985545335084
00025429,2025,1,213,213,6.596469495199752
00025429,2025,2,1117,1117,34.592753174357384
00025429,2025,3,604,604,18.70548157324249
00025429,2025,4,591,591,18.302880148652832
00025429,2025,5,704,704,21.802415608547538
00025432,2025,1,342,342,10.481152313821637
00025432,2025,2,537,537,16.457247931351517
00025432,2025,3,721,721,22.09623046276433
00025432,2025,4,912,912,27.949739503524363
00025432,2025,5,751,751,23.015629788538156
00025434,2025,1,397,397,11.061577040958484
00025434,2025,2,729,729,20.31206464196155
00025434,2025,3,841,841,23.43271106157704
00025434,2025,4,813,813,22.652549456673167
00025434,2025,5,809,809,22.541097798829757
00025435,2025,1,246,246,6.854276957369741
00025435,2025,2,699,699,19.476177208135972
00025435,2025,3,839,839,23.376985232655336
00025435,2025,4,797,797,22.206742825299525
00025435,2025,5,809,809,22.541097798829757
00025435,2025,6,199,199,5.5447199777096685
00025439,2025,1,200,200,6.550933508024894
00025439,2025,2,522,522,17.09793645594497
00025439,2025,3,712,712,23.32132328856862
00025439,2025,4,918,918,30.068784801834262
00025439,2025,5,701,701,22.96102194562725
00025440,2025,1,1434,1434,46.970193252538486
00025440,2025,2,1619,1619,53.029806747461514
00025441,2025,1,245,245,7.401812688821752
00025441,2025,2,561,561,16.948640483383684
00025441,2025,3,786,786,23.746223564954683
00025441,2025,4,973,973,29.395770392749245
00025441,2025,5,745,745,22.507552870090635
00025442,2025,1,320,320,9.090909090909092
00025442,2025,2,638,638,18.125
00025442,2025,3,912,912,25.90909090909091
00025442,2025,4,844,844,23.977272727272727
00025442,2025,5,806,806,22.897727272727273
00025443,2025,1,342,342,10.481152313821637
00025443,2025,2,537,537,16.457247931351517
00025443,2025,3,721,721,22.09623046276433
00025443,2025,4,912,912,27.949739503524363
00025443,2025,5,751,751,23.015629788538156
00025444,2025,1,3588,3588,100.0
00025445,2025,1,344,344,9.587513935340022
00025445,2025,2,768,768,21.40468227424749
00025445,2025,3,790,790,22.01783723522854
00025445,2025,4,874,874,24.358974358974358
00025445,2025,5,812,812,22.630992196209586
00025448,2025,1,3217,3217,100.0
00025450,2025,1,262,262,8.531422989254315
00025450,2025,2,571,571,18.59329208726799
00025450,2025,3,629,629,20.481927710843372
00025450,2025,4,1021,1021,33.246499511559755
00025450,2025,5,588,588,19.14685770107457
00025452,2025,1,368,368,11.701112877583466
00025452,2025,2,495,495,15.739268680445152
00025452,2025,3,666,666,21.176470588235293
00025452,2025,4,1028,1028,32.68680445151033
00025452,2025,5,588,588,18.696343402225754
00025454,2025,1,415,415,12.16295427901524
00025454,2025,2,1879,1879,55.07033997655334
00025454,2025,3,253,253,7.415005861664713
00025454,2025,4,183,183,5.363423212192263
00025454,2025,5,581,581,17.028135990621337
00025454,2025,6,101,101,2.9601406799531067
00025456,2025,1,457,457,13.389979490184588
00025456,2025,2,504,504,14.767067096396133
00025456,2025,3,813,813,23.820685613829475
00025456,2025,4,945,945,27.688250805742747
00025456,2025,5,694,694,20.334016993847055
00025457,2025,1,568,568,16.730486008836525
00025457,2025,2,1312,1312,38.64506627393225
00025457,2025,3,283,283,8.33578792341679
00025457,2025,4,440,440,12.960235640648012
00025457,2025,5,792,792,23.32842415316642
00025458,2025,1,457,457,13.389979490184588
00025458,2025,2,504,504,14.767067096396133
00025458,2025,3,813,813,23.820685613829475
00025458,2025,4,945,945,27.688250805742747
00025458,2025,5,694,694,20.334016993847055
00025459,2025,1,457,457,13.389979490184588
00025459,2025,2,504,504,14.767067096396133
00025459,2025,3,813,813,23.820685613829475
00025459,2025,4,945,945,27.688250805742747
00025459,2025,5,694,694,20.334016993847055
00025460,2025,1,282,282,8.262525637269265
00025460,2025,2,506,506,14.825666569000878
00025460,2025,3,810,810,23.732786404922354
00025460,2025,4,945,945,27.688250805742747
00025460,2025,5,694,694,20.334016993847055
00025460,2025,6,176,176,5.156753589217697
00025461,2025,1,537,537,15.73395839437445
00025461,2025,2,572,572,16.759449164957516
00025461,2025,3,811,811,23.762086141224728
00025461,2025,4,799,799,23.41048930559625
00025461,2025,5,694,694,20.334016993847055
00025462,2025,1,364,364,10.665104014063873
00025462,2025,2,571,571,16.730149428655142
00025462,2025,3,808,808,23.67418693231761
00025462,2025,4,800,800,23.439789041898624
00025462,2025,5,694,694,20.334016993847055
00025462,2025,6,176,176,5.156753589217697
00025463,2025,1,364,364,10.665104014063873
00025463,2025,2,571,571,16.730149428655142
00025463,2025,3,808,808,23.67418693231761
00025463,2025,4,800,800,23.439789041898624
00025463,2025,5,694,694,20.334016993847055
00025463,2025,6,176,176,5.156753589217697
00025464,2025,1,364,364,10.665104014063873
00025464,2025,2,571,571,16.730149428655142
00025464,2025,3,808,808,23.67418693231761
00025464,2025,4,800,800,23.439789041898624
00025464,2025,5,694,694,20.334016993847055
00025464,2025,6,176,176,5.156753589217697
00025465,2025,1,364,364,10.665104014063873
00025465,2025,2,571,571,16.730149428655142
00025465,2025,3,808,808,23.67418693231761
00025465,2025,4,800,800,23.439789041898624
00025465,2025,5,694,694,20.334016993847055
00025465,2025,6,176,176,5.156753589217697
00025467,2025,1,2289,2289,70.25782688766114
00025467,2025,2,969,969,29.742173112338858
00025468,2025,1,3300,3300,100.0
00025469,2025,1,668,668,18.822203437588055
00025469,2025,2,863,863,24.316708932093547
00025469,2025,3,693,693,19.526627218934912
00025469,2025,4,496,496,13.975767821921668
00025469,2025,5,829,829,23.35869258946182
00025470,2025,1,397,397,11.061577040958484
00025470,2025,2,729,729,20.31206464196155
00025470,2025,3,841,841,23.43271106157704
00025470,2025,4,813,813,22.652549456673167
00025470,2025,5,809,809,22.541097798829757
00025471,2025,1,342,342,10.481152313821637
00025471,2025,2,537,537,16.457247931351517
00025471,2025,3,721,721,22.09623046276433
00025471,2025,4,912,912,27.949739503524363
00025471,2025,5,751,751,23.015629788538156
00025472,2025,1,342,342,10.481152313821637
00025472,2025,2,537,537,16.457247931351517
00025472,2025,3,721,721,22.09623046276433
00025472,2025,4,912,912,27.949739503524363
00025472,2025,5,751,751,23.015629788538156
00025473,2025,1,397,397,11.04004449388209
00025473,2025,2,729,729,20.272525027808676
00025473,2025,3,848,848,23.5817575083426
00025473,2025,4,813,813,22.60845383759733
00025473,2025,5,809,809,22.4972191323693
00025474,2025,1,491,491,11.297745052922227
00025474,2025,2,824,824,18.959963184537507
00025474,2025,3,1301,1301,29.935572940635065
00025474,2025,4,688,688,15.830648872526462
00025474,2025,5,1042,1042,23.97606994937874
00025475,2025,1,491,491,11.297745052922227
00025475,2025,2,824,824,18.959963184537507
00025475,2025,3,1301,1301,29.935572940635065
00025475,2025,4,688,688,15.830648872526462
00025475,2025,5,1042,1042,23.97606994937874
00025477,2025,1,472,472,13.247263541959024
00025477,2025,2,393,393,11.03003087285995
00025477,2025,3,1077,1077,30.227336514173448
00025477,2025,4,828,828,23.23884367106371
00025477,2025,5,793,793,22.256525399943868
00025478,2025,1,3672,3672,100.0
00025479,2025,1,263,263,7.162309368191721
00025479,2025,2,931,931,25.354030501089326
00025479,2025,3,553,553,15.0599128540305
00025479,2025,4,1053,1053,28.676470588235293
00025479,2025,5,778,778,21.18736383442266
00025479,2025,6,94,94,2.559912854030501
00025482,2025,1,3348,3348,100.0
00025484,2025,1,3348,3348,100.0
00025486,2025,1,353,353,10.895061728395062
00025486,2025,2,901,901,27.808641975308642
00025486,2025,3,333,333,10.277777777777779
00025486,2025,4,830,830,25.617283950617285
00025486,2025,5,796,796,24.567901234567902
00025486,2025,6,27,27,0.8333333333333334
00025487,2025,1,3240,3240,100.0
00025488,2025,1,353,353,10.895061728395062
00025488,2025,2,1519,1519,46.882716049382715
00025488,2025,3,318,318,9.814814814814815
00025488,2025,4,254,254,7.839506172839506
00025488,2025,5,796,796,24.567901234567902
00025489,2025,1,353,353,10.895061728395062
00025489,2025,2,1519,1519,46.882716049382715
00025489,2025,3,318,318,9.814814814814815
00025489,2025,4,254,254,7.839506172839506
00025489,2025,5,796,796,24.567901234567902
00025490,2025,1,3090,3090,100.0
00025491,2025,1,323,323,8.189655172413794
00025491,2025,2,1877,1877,47.59127789046653
00025491,2025,3,435,435,11.029411764705882
00025491,2025,4,436,436,11.05476673427992
00025491,2025,5,873,873,22.134888438133874
00025492,2025,1,312,312,7.906741003547896
00025492,2025,2,1884,1884,47.74455144450076
00025492,2025,3,435,435,11.023821591485047
00025492,2025,4,442,442,11.201216421692854
00025492,2025,5,873,873,22.12366953877344
00025494,2025,1,401,401,11.77334116265414
00025494,2025,2,677,677,19.876688197298883
00025494,2025,3,734,734,21.55020551967117
00025494,2025,4,771,771,22.636523781561948
00025494,2025,5,823,823,24.163241338813858
00025497,2025,1,2351,2351,60.71797520661157
00025497,2025,2,322,322,8.316115702479339
00025497,2025,3,182,182,4.700413223140496
00025497,2025,4,1017,1017,26.265495867768596
00025498,2025,1,284,284,8.011283497884344
00025498,2025,2,2037,2037,57.461212976022566
00025498,2025,3,276,276,7.7856135401974615
00025498,2025,4,141,141,3.9774330042313117
00025498,2025,5,142,142,4.005641748942172
00025498,2025,6,652,652,18.39210155148096
00025498,2025,7,13,13,0.36671368124118475
00025499,2025,1,163,163,4.406596377399297
00025499,2025,2,864,864,23.357664233576642
00025499,2025,3,664,664,17.95079751284131
00025499,2025,4,949,949,25.65558258988916
00025499,2025,5,918,918,24.817518248175183
00025499,2025,6,141,141,3.8118410381184105
00025500,2025,1,3699,3699,100.0
00025501,2025,1,146,146,4.477154247163447
00025501,2025,2,468,468,14.351425942962281
00025501,2025,3,871,871,26.709598282735357
00025501,2025,4,774,774,23.73505059797608
00025501,2025,5,840,840,25.758969641214353
00025501,2025,6,162,162,4.967801287948482
00025502,2025,1,364,364,10.253521126760564
00025502,2025,2,631,631,17.774647887323944
00025502,2025,3,763,763,21.492957746478872
00025502,2025,4,953,953,26.845070422535212
00025502,2025,5,774,774,21.802816901408452
00025502,2025,6,65,65,1.8309859154929577
00025503,2025,1,3550,3550,100.0
00025504,2025,1,65,65,1.8309859154929577
00025504,2025,2,2486,2486,70.02816901408451
00025504,2025,3,999,999,28.140845070422536
00025505,2025,1,609,609,16.86046511627907
00025505,2025,2,869,869,24.058693244739757
00025505,2025,3,678,678,18.770764119601328
00025505,2025,4,609,609,16.86046511627907
00025505,2025,5,847,847,23.449612403100776
00025506,2025,1,609,609,16.86046511627907
00025506,2025,2,869,869,24.058693244739757
00025506,2025,3,609,609,16.86046511627907
00025506,2025,4,609,609,16.86046511627907
00025506,2025,5,847,847,23.449612403100776
00025506,2025,6,69,69,1.910299003322259
00025508,2025,1,609,609,16.86046511627907
00025508,2025,2,869,869,24.058693244739757
00025508,2025,3,678,678,18.770764119601328
00025508,2025,4,609,609,16.86046511627907
00025508,2025,5,847,847,23.449612403100776
00025509,2025,1,719,719,21.116005873715125
00025509,2025,2,1560,1560,45.81497797356828
00025509,2025,3,206,206,6.04992657856094
00025509,2025,4,145,145,4.258443465491924
00025509,2025,5,748,748,21.96769456681351
00025509,2025,6,27,27,0.7929515418502202
00025511,2025,1,712,712,21.387804145389005
00025511,2025,2,1537,1537,46.17002102733554
00025511,2025,3,193,193,5.797536797837188
00025511,2025,4,133,133,3.9951937518774407
00025511,2025,5,727,727,21.83838990687894
00025511,2025,6,27,27,0.8110543706818865
00025512,2025,1,715,715,20.682672837720567
00025512,2025,2,1549,1549,44.80763667920162
00025512,2025,3,226,226,6.537460225629158
00025512,2025,4,177,177,5.120046282904252
00025512,2025,5,763,763,22.071159965287823
00025512,2025,6,27,27,0.7810240092565809
00025515,2025,1,3542,3542,100.0
00025516,2025,1,2663,2663,65.47823948856652
00025516,2025,2,1404,1404,34.52176051143349
00025518,2025,1,230,230,6.387114690363788
00025518,2025,2,835,835,23.188003332407664
00025518,2025,3,688,688,19.10580394334907
00025518,2025,4,837,837,23.243543460149958
00025518,2025,5,903,903,25.076367675645653
00025518,2025,6,108,108,2.9991668980838657
00025520,2025,1,520,520,14.416412531189353
00025520,2025,2,1083,1083,30.02495148322706
00025520,2025,3,352,352,9.758802328805102
00025520,2025,4,817,817,22.650401996118656
00025520,2025,5,835,835,23.14943166065983
00025521,2025,1,160,160,4.088934321492461
00025521,2025,2,1810,1810,46.25606951188347
00025521,2025,3,265,265,6.772297469971889
00025521,2025,4,798,798,20.39355992844365
00025521,2025,5,880,880,22.489138768208537
